image,image_path,breed,breed_en,confidence,model_ready,message,note
Bedlington Terrier.png,C:\Users\User\Downloads\Dog_Test\Bedlington Terrier.png,Chó Bedlington Terrier,Bedlington Terrier,0.960994,True,Dự đoán thành công bằng classifier softmax (Top-3) + similarity (giải thích).,Ứng viên thuần chủng/chiếm ưu thế: Chó Bedlington Terrier.
Border Collie.jpg,C:\Users\User\Downloads\Dog_Test\Border Collie.jpg,Chó Border Collie,Border Collie,0.891689,True,Dự đoán thành công bằng classifier softmax (Top-3) + similarity (giải thích).,Ứng viên thuần chủng/chiếm ưu thế: Chó Border Collie.
Bulldog Pháp.jpg,C:\Users\User\Downloads\Dog_Test\Bulldog Pháp.jpg,Bulldog Pháp,French Bulldog,0.964046,True,Dự đoán thành công bằng classifier softmax (Top-3) + similarity (giải thích).,Ứng viên thuần chủng/chiếm ưu thế: Bulldog Pháp.
Bulldog Pháp.png,C:\Users\User\Downloads\Dog_Test\Bulldog Pháp.png,Bulldog Pháp,French Bulldog,0.980266,True,Dự đoán thành công bằng classifier softmax (Top-3) + similarity (giải thích).,Ứng viên thuần chủng/chiếm ưu thế: Bulldog Pháp.
Béc-giê Bỉ Groenendael (2).png,C:\Users\User\Downloads\Dog_Test\Béc-giê Bỉ Groenendael (2).png,Béc-giê Bỉ Groenendael,Groenendael,0.967308,True,Dự đoán thành công bằng classifier softmax (Top-3) + similarity (giải thích).,Ứng viên thuần chủng/chiếm ưu thế: Béc-giê Bỉ Groenendael.
Béc-giê Bỉ Groenendael.png,C:\Users\User\Downloads\Dog_Test\Béc-giê Bỉ Groenendael.png,Béc-giê Bỉ Groenendael,Groenendael,0.904454,True,Dự đoán thành công bằng classifier softmax (Top-3) + similarity (giải thích).,Ứng viên thuần chủng/chiếm ưu thế: Béc-giê Bỉ Groenendael.
Béc-giê Bỉ Malinois.png,C:\Users\User\Downloads\Dog_Test\Béc-giê Bỉ Malinois.png,Béc-giê Bỉ Malinois,Malinois,0.941816,True,Dự đoán thành công bằng classifier softmax (Top-3) + similarity (giải thích).,Ứng viên thuần chủng/chiếm ưu thế: Béc-giê Bỉ Malinois.
Béc-giê Đức.jpg,C:\Users\User\Downloads\Dog_Test\Béc-giê Đức.jpg,Béc-giê Đức,German Shepherd,0.995151,True,Dự đoán thành công bằng classifier softmax (Top-3) + similarity (giải thích).,Ứng viên thuần chủng/chiếm ưu thế: Béc-giê Đức.
Béc-giê Đức.png,C:\Users\User\Downloads\Dog_Test\Béc-giê Đức.png,Béc-giê Đức,German Shepherd,0.998275,True,Dự đoán thành công bằng classifier softmax (Top-3) + similarity (giải thích).,Ứng viên thuần chủng/chiếm ưu thế: Béc-giê Đức.
Bắc Kinh.png,C:\Users\User\Downloads\Dog_Test\Bắc Kinh.png,Bắc Kinh,Pekinese,0.976119,True,Dự đoán thành công bằng classifier softmax (Top-3) + similarity (giải thích).,Ứng viên thuần chủng/chiếm ưu thế: Bắc Kinh.
Chihuahua.png,C:\Users\User\Downloads\Dog_Test\Chihuahua.png,Chó Chihuahua,Chihuahua,0.997203,True,Dự đoán thành công bằng classifier softmax (Top-3) + similarity (giải thích).,Ứng viên thuần chủng/chiếm ưu thế: Chó Chihuahua.
Chin Nhật.png,C:\Users\User\Downloads\Dog_Test\Chin Nhật.png,Chin Nhật,Japanese Spaniel,0.974631,True,Dự đoán thành công bằng classifier softmax (Top-3) + similarity (giải thích).,Ứng viên thuần chủng/chiếm ưu thế: Chin Nhật.
Cho Phu Quoc (1).png,C:\Users\User\Downloads\Dog_Test\Cho Phu Quoc (1).png,Chó Phu Quoc,Phu Quoc Dog,0.989740,True,Dự đoán thành công bằng classifier softmax (Top-3) + similarity (giải thích).,Ứng viên thuần chủng/chiếm ưu thế: Chó Phu Quoc.
Cho Phu Quoc (2).png,C:\Users\User\Downloads\Dog_Test\Cho Phu Quoc (2).png,Chó Phu Quoc,Phu Quoc Dog,0.955485,True,Dự đoán thành công bằng classifier softmax (Top-3) + similarity (giải thích).,Ứng viên thuần chủng/chiếm ưu thế: Chó Phu Quoc.
Chow Chow.png,C:\Users\User\Downloads\Dog_Test\Chow Chow.png,Chó Chow Chow,Chow,0.967494,True,Dự đoán thành công bằng classifier softmax (Top-3) + similarity (giải thích).,Ứng viên thuần chủng/chiếm ưu thế: Chó Chow Chow.
Chó Affenpinscher.png,C:\Users\User\Downloads\Dog_Test\Chó Affenpinscher.png,Chó Affenpinscher,Affenpinscher,0.992293,True,Dự đoán thành công bằng classifier softmax (Top-3) + similarity (giải thích).,Ứng viên thuần chủng/chiếm ưu thế: Chó Affenpinscher.
Chó Afghan Hound.png,C:\Users\User\Downloads\Dog_Test\Chó Afghan Hound.png,Chó Afghan Hound,Afghan Hound,0.842662,True,Dự đoán thành công bằng classifier softmax (Top-3) + similarity (giải thích).,Ứng viên thuần chủng/chiếm ưu thế: Chó Afghan Hound.
Chó Airedale Terrier.png,C:\Users\User\Downloads\Dog_Test\Chó Airedale Terrier.png,Chó Airedale Terrier,Airedale,0.641966,True,Dự đoán thành công bằng classifier softmax (Top-3) + similarity (giải thích).,
Chó Alaska Malamute.png,C:\Users\User\Downloads\Dog_Test\Chó Alaska Malamute.png,Chó Alaska Malamute,Malamute,0.969356,True,Dự đoán thành công bằng classifier softmax (Top-3) + similarity (giải thích).,Ứng viên thuần chủng/chiếm ưu thế: Chó Alaska Malamute.
Chó Amstaff.png,C:\Users\User\Downloads\Dog_Test\Chó Amstaff.png,Nghi lai: Chó Amstaff x Chó Staffordshire Bull Terrier,Crossbreed: American Staffordshire Terrier x Staffordshire Bullterrier,0.897326,True,Dự đoán thành công bằng classifier softmax (Top-3) + similarity (giải thích).,
Chó Appenzeller.png,C:\Users\User\Downloads\Dog_Test\Chó Appenzeller.png,Chó Appenzeller,Appenzeller,0.895503,True,Dự đoán thành công bằng classifier softmax (Top-3) + similarity (giải thích).,Ứng viên thuần chủng/chiếm ưu thế: Chó Appenzeller.
Chó Basenji.png,C:\Users\User\Downloads\Dog_Test\Chó Basenji.png,Chó Basenji,Basenji,0.947170,True,Dự đoán thành công bằng classifier softmax (Top-3) + similarity (giải thích).,Ứng viên thuần chủng/chiếm ưu thế: Chó Basenji.
Chó Basset Hound.png,C:\Users\User\Downloads\Dog_Test\Chó Basset Hound.png,Chó Basset Hound,Basset,0.914581,True,Dự đoán thành công bằng classifier softmax (Top-3) + similarity (giải thích).,Ứng viên thuần chủng/chiếm ưu thế: Chó Basset Hound.
Chó Beagle.png,C:\Users\User\Downloads\Dog_Test\Chó Beagle.png,Chó Beagle,Beagle,0.969917,True,Dự đoán thành công bằng classifier softmax (Top-3) + similarity (giải thích).,Ứng viên thuần chủng/chiếm ưu thế: Chó Beagle.
Chó Bedlington Terrier.png,C:\Users\User\Downloads\Dog_Test\Chó Bedlington Terrier.png,Chó Bedlington Terrier,Bedlington Terrier,0.980903,True,Dự đoán thành công bằng classifier softmax (Top-3) + similarity (giải thích).,Ứng viên thuần chủng/chiếm ưu thế: Chó Bedlington Terrier.
Chó Bernese Mountain Dog.png,C:\Users\User\Downloads\Dog_Test\Chó Bernese Mountain Dog.png,Chó Bernese Mountain Dog,Bernese Mountain Dog,0.703065,True,Dự đoán thành công bằng classifier softmax (Top-3) + similarity (giải thích).,Ứng viên thuần chủng/chiếm ưu thế: Chó Bernese Mountain Dog.
Chó Bichon Frise.png,C:\Users\User\Downloads\Dog_Test\Chó Bichon Frise.png,Chó Bichon Frise,Bichon Frise,0.986578,True,Dự đoán thành công bằng classifier softmax (Top-3) + similarity (giải thích).,Ứng viên thuần chủng/chiếm ưu thế: Chó Bichon Frise.
Chó Black and Tan Coonhound.png,C:\Users\User\Downloads\Dog_Test\Chó Black and Tan Coonhound.png,Chó Black and Tan Coonhound,Black and Tan Coonhound,0.718144,True,Dự đoán thành công bằng classifier softmax (Top-3) + similarity (giải thích).,Ứng viên thuần chủng/chiếm ưu thế: Chó Black and Tan Coonhound.
Chó Bloodhound.png,C:\Users\User\Downloads\Dog_Test\Chó Bloodhound.png,Chó Bloodhound,Bloodhound,0.961888,True,Dự đoán thành công bằng classifier softmax (Top-3) + similarity (giải thích).,Ứng viên thuần chủng/chiếm ưu thế: Chó Bloodhound.
Chó Bluetick Coonhound.png,C:\Users\User\Downloads\Dog_Test\Chó Bluetick Coonhound.png,Chó Bluetick Coonhound,Bluetick,0.775852,True,Dự đoán thành công bằng classifier softmax (Top-3) + similarity (giải thích).,Ứng viên thuần chủng/chiếm ưu thế: Chó Bluetick Coonhound.
Chó Bobtail.png,C:\Users\User\Downloads\Dog_Test\Chó Bobtail.png,Chó Bobtail,Old English Sheepdog,0.950884,True,Dự đoán thành công bằng classifier softmax (Top-3) + similarity (giải thích).,Ứng viên thuần chủng/chiếm ưu thế: Chó Bobtail.
Chó Border Collie.png,C:\Users\User\Downloads\Dog_Test\Chó Border Collie.png,Chó Border Collie,Border Collie,0.883736,True,Dự đoán thành công bằng classifier softmax (Top-3) + similarity (giải thích).,Ứng viên thuần chủng/chiếm ưu thế: Chó Border Collie.
Chó Border Terrier.png,C:\Users\User\Downloads\Dog_Test\Chó Border Terrier.png,Chó Border Terrier,Border Terrier,0.998939,True,Dự đoán thành công bằng classifier softmax (Top-3) + similarity (giải thích).,Ứng viên thuần chủng/chiếm ưu thế: Chó Border Terrier.
Chó Borzoi.png,C:\Users\User\Downloads\Dog_Test\Chó Borzoi.png,Chó Borzoi,Borzoi,0.986010,True,Dự đoán thành công bằng classifier softmax (Top-3) + similarity (giải thích).,Ứng viên thuần chủng/chiếm ưu thế: Chó Borzoi.
Chó Boston Terrier.png,C:\Users\User\Downloads\Dog_Test\Chó Boston Terrier.png,Nghi lai: Chó Boston Terrier x Bulldog Pháp,Crossbreed: Boston Bull x French Bulldog,0.648324,True,Dự đoán thành công bằng classifier softmax (Top-3) + similarity (giải thích).,
Chó Bouvier des Flandres.png,C:\Users\User\Downloads\Dog_Test\Chó Bouvier des Flandres.png,Chó Bouvier des Flandres,Bouvier des Flandres,0.992666,True,Dự đoán thành công bằng classifier softmax (Top-3) + similarity (giải thích).,Ứng viên thuần chủng/chiếm ưu thế: Chó Bouvier des Flandres.
Chó Boxer.png,C:\Users\User\Downloads\Dog_Test\Chó Boxer.png,Chó Boxer,Boxer,0.983235,True,Dự đoán thành công bằng classifier softmax (Top-3) + similarity (giải thích).,Ứng viên thuần chủng/chiếm ưu thế: Chó Boxer.
Chó Briard.png,C:\Users\User\Downloads\Dog_Test\Chó Briard.png,Chó Briard,Briard,0.917427,True,Dự đoán thành công bằng classifier softmax (Top-3) + similarity (giải thích).,Ứng viên thuần chủng/chiếm ưu thế: Chó Briard.
Chó Brittany Spaniel.png,C:\Users\User\Downloads\Dog_Test\Chó Brittany Spaniel.png,Chó Brittany Spaniel,Brittany Spaniel,0.984792,True,Dự đoán thành công bằng classifier softmax (Top-3) + similarity (giải thích).,Ứng viên thuần chủng/chiếm ưu thế: Chó Brittany Spaniel.
Chó Brussels Griffon.png,C:\Users\User\Downloads\Dog_Test\Chó Brussels Griffon.png,Chó Brussels Griffon,Brabancon Griffon,0.859181,True,Dự đoán thành công bằng classifier softmax (Top-3) + similarity (giải thích).,Ứng viên thuần chủng/chiếm ưu thế: Chó Brussels Griffon.
Chó Bullmastiff.png,C:\Users\User\Downloads\Dog_Test\Chó Bullmastiff.png,Chó Bullmastiff,Bull Mastiff,0.941877,True,Dự đoán thành công bằng classifier softmax (Top-3) + similarity (giải thích).,Ứng viên thuần chủng/chiếm ưu thế: Chó Bullmastiff.
Chó Bắc Hà.jpg,C:\Users\User\Downloads\Dog_Test\Chó Bắc Hà.jpg,Chó Bắc Hà,Bac Ha Dog,0.980120,True,Dự đoán thành công bằng classifier softmax (Top-3) + similarity (giải thích).,Ứng viên thuần chủng/chiếm ưu thế: Chó Bắc Hà.
Chó Cairn Terrier.png,C:\Users\User\Downloads\Dog_Test\Chó Cairn Terrier.png,Chó Cairn Terrier,Cairn,0.954615,True,Dự đoán thành công bằng classifier softmax (Top-3) + similarity (giải thích).,Ứng viên thuần chủng/chiếm ưu thế: Chó Cairn Terrier.
Chó Cane Corso.png,C:\Users\User\Downloads\Dog_Test\Chó Cane Corso.png,Chó Cane Corso,Cane Corso,0.991925,True,Dự đoán thành công bằng classifier softmax (Top-3) + similarity (giải thích).,Ứng viên thuần chủng/chiếm ưu thế: Chó Cane Corso.
Chó Cavalier King Charles (Blenheim).png,C:\Users\User\Downloads\Dog_Test\Chó Cavalier King Charles (Blenheim).png,Chó Cavalier King Charles (Blenheim),Blenheim Spaniel,0.966625,True,Dự đoán thành công bằng classifier softmax (Top-3) + similarity (giải thích).,Ứng viên thuần chủng/chiếm ưu thế: Chó Cavalier King Charles (Blenheim).
Chó Chesapeake Retriever.png,C:\Users\User\Downloads\Dog_Test\Chó Chesapeake Retriever.png,Chó Chesapeake Retriever,Chesapeake Bay Retriever,0.979890,True,Dự đoán thành công bằng classifier softmax (Top-3) + similarity (giải thích).,Ứng viên thuần chủng/chiếm ưu thế: Chó Chesapeake Retriever.
Chó Clumber Spaniel.png,C:\Users\User\Downloads\Dog_Test\Chó Clumber Spaniel.png,Chó Clumber Spaniel,Clumber,0.977537,True,Dự đoán thành công bằng classifier softmax (Top-3) + similarity (giải thích).,Ứng viên thuần chủng/chiếm ưu thế: Chó Clumber Spaniel.
Chó Cocker.png,C:\Users\User\Downloads\Dog_Test\Chó Cocker.png,Chó Cocker,Cocker Spaniel,0.707980,True,Dự đoán thành công bằng classifier softmax (Top-3) + similarity (giải thích).,Ứng viên thuần chủng/chiếm ưu thế: Chó Cocker.
Chó Collie.png,C:\Users\User\Downloads\Dog_Test\Chó Collie.png,Nghi lai: Chó Sheltie x Chó Collie,Crossbreed: Shetland Sheepdog x Collie,0.712028,True,Dự đoán thành công bằng classifier softmax (Top-3) + similarity (giải thích).,
Chó Corgi Cardigan.png,C:\Users\User\Downloads\Dog_Test\Chó Corgi Cardigan.png,Chó Corgi Cardigan,Cardigan,0.976071,True,Dự đoán thành công bằng classifier softmax (Top-3) + similarity (giải thích).,Ứng viên thuần chủng/chiếm ưu thế: Chó Corgi Cardigan.
Chó Corgi Pembroke.png,C:\Users\User\Downloads\Dog_Test\Chó Corgi Pembroke.png,Chó Corgi Pembroke,Pembroke,0.906062,True,Dự đoán thành công bằng classifier softmax (Top-3) + similarity (giải thích).,Ứng viên thuần chủng/chiếm ưu thế: Chó Corgi Pembroke.
Chó Curly-coated Retriever.png,C:\Users\User\Downloads\Dog_Test\Chó Curly-coated Retriever.png,Chó Curly-coated Retriever,Curly Coated Retriever,0.900234,True,Dự đoán thành công bằng classifier softmax (Top-3) + similarity (giải thích).,Ứng viên thuần chủng/chiếm ưu thế: Chó Curly-coated Retriever.
Chó Dandie Dinmont Terrier.png,C:\Users\User\Downloads\Dog_Test\Chó Dandie Dinmont Terrier.png,Chó Dandie Dinmont Terrier,Dandie Dinmont,0.874903,True,Dự đoán thành công bằng classifier softmax (Top-3) + similarity (giải thích).,Ứng viên thuần chủng/chiếm ưu thế: Chó Dandie Dinmont Terrier.
Chó Deerhound Scotland.png,C:\Users\User\Downloads\Dog_Test\Chó Deerhound Scotland.png,Chó Deerhound Scotland,Scottish Deerhound,0.970561,True,Dự đoán thành công bằng classifier softmax (Top-3) + similarity (giải thích).,Ứng viên thuần chủng/chiếm ưu thế: Chó Deerhound Scotland.
Chó Dhole.png,C:\Users\User\Downloads\Dog_Test\Chó Dhole.png,Chó Dhole,Dhole,0.969779,True,Dự đoán thành công bằng classifier softmax (Top-3) + similarity (giải thích).,Ứng viên thuần chủng/chiếm ưu thế: Chó Dhole.
Chó Dingo.png,C:\Users\User\Downloads\Dog_Test\Chó Dingo.png,Nghi lai: Chó ta Việt Nam x Chó Dingo,Crossbreed: Vietnamese Native Dog x Dingo,0.731371,True,Dự đoán thành công bằng classifier softmax (Top-3) + similarity (giải thích).,
Chó Doberman (2).png,C:\Users\User\Downloads\Dog_Test\Chó Doberman (2).png,Chó Doberman,Doberman,0.933124,True,Dự đoán thành công bằng classifier softmax (Top-3) + similarity (giải thích).,Ứng viên thuần chủng/chiếm ưu thế: Chó Doberman.
Chó Doberman.png,C:\Users\User\Downloads\Dog_Test\Chó Doberman.png,Chó Doberman,Doberman,0.709310,True,Dự đoán thành công bằng classifier softmax (Top-3) + similarity (giải thích).,Ứng viên thuần chủng/chiếm ưu thế: Chó Doberman.
Chó Elkhound Na Uy.png,C:\Users\User\Downloads\Dog_Test\Chó Elkhound Na Uy.png,Chó Elkhound Na Uy,Norwegian Elkhound,0.958497,True,Dự đoán thành công bằng classifier softmax (Top-3) + similarity (giải thích).,Ứng viên thuần chủng/chiếm ưu thế: Chó Elkhound Na Uy.
Chó Entlebucher.png,C:\Users\User\Downloads\Dog_Test\Chó Entlebucher.png,Nghi lai: Chó Entlebucher x Chó Appenzeller,Crossbreed: Entlebucher x Appenzeller,0.659628,True,Dự đoán thành công bằng classifier softmax (Top-3) + similarity (giải thích).,
Chó Fila Brasileiro.png,C:\Users\User\Downloads\Dog_Test\Chó Fila Brasileiro.png,Chó Fila Brasileiro,Fila Brasileiro,0.928646,True,Dự đoán thành công bằng classifier softmax (Top-3) + similarity (giải thích).,Ứng viên thuần chủng/chiếm ưu thế: Chó Fila Brasileiro.
Chó Flat-coated Retriever.png,C:\Users\User\Downloads\Dog_Test\Chó Flat-coated Retriever.png,Chó Flat-coated Retriever,Flat Coated Retriever,0.931990,True,Dự đoán thành công bằng classifier softmax (Top-3) + similarity (giải thích).,Ứng viên thuần chủng/chiếm ưu thế: Chó Flat-coated Retriever.
Chó Golden.png,C:\Users\User\Downloads\Dog_Test\Chó Golden.png,Chó Golden,Golden Retriever,0.911032,True,Dự đoán thành công bằng classifier softmax (Top-3) + similarity (giải thích).,Ứng viên thuần chủng/chiếm ưu thế: Chó Golden.
Chó Gordon Setter.png,C:\Users\User\Downloads\Dog_Test\Chó Gordon Setter.png,Chó Gordon Setter,Gordon Setter,0.906699,True,Dự đoán thành công bằng classifier softmax (Top-3) + similarity (giải thích).,Ứng viên thuần chủng/chiếm ưu thế: Chó Gordon Setter.
Chó Great Pyrenees.png,C:\Users\User\Downloads\Dog_Test\Chó Great Pyrenees.png,Chó Great Pyrenees,Great Pyrenees,0.935603,True,Dự đoán thành công bằng classifier softmax (Top-3) + similarity (giải thích).,Ứng viên thuần chủng/chiếm ưu thế: Chó Great Pyrenees.
Chó Greater Swiss Mountain Dog.png,C:\Users\User\Downloads\Dog_Test\Chó Greater Swiss Mountain Dog.png,Chó Greater Swiss Mountain Dog,Greater Swiss Mountain Dog,0.857694,True,Dự đoán thành công bằng classifier softmax (Top-3) + similarity (giải thích).,Ứng viên thuần chủng/chiếm ưu thế: Chó Greater Swiss Mountain Dog.
Chó H'Mông cộc đuôi.png,C:\Users\User\Downloads\Dog_Test\Chó H'Mông cộc đuôi.png,Chó H'Mông cộc đuôi,Hmong Bobtail Dog,0.978280,True,Dự đoán thành công bằng classifier softmax (Top-3) + similarity (giải thích).,Ứng viên thuần chủng/chiếm ưu thế: Chó H'Mông cộc đuôi.
Chó hoang châu Phi.png,C:\Users\User\Downloads\Dog_Test\Chó hoang châu Phi.png,Chó hoang châu Phi,African Hunting Dog,0.982349,True,Dự đoán thành công bằng classifier softmax (Top-3) + similarity (giải thích).,Ứng viên thuần chủng/chiếm ưu thế: Chó hoang châu Phi.
Chó Husky Siberia.png,C:\Users\User\Downloads\Dog_Test\Chó Husky Siberia.png,Chó Husky Siberia,Siberian Husky,0.987083,True,Dự đoán thành công bằng classifier softmax (Top-3) + similarity (giải thích).,Ứng viên thuần chủng/chiếm ưu thế: Chó Husky Siberia.
Chó Ibizan Hound.png,C:\Users\User\Downloads\Dog_Test\Chó Ibizan Hound.png,Chó Ibizan Hound,Ibizan Hound,0.963096,True,Dự đoán thành công bằng classifier softmax (Top-3) + similarity (giải thích).,Ứng viên thuần chủng/chiếm ưu thế: Chó Ibizan Hound.
Chó Irish Setter.png,C:\Users\User\Downloads\Dog_Test\Chó Irish Setter.png,Chó Irish Setter,Irish Setter,0.906503,True,Dự đoán thành công bằng classifier softmax (Top-3) + similarity (giải thích).,Ứng viên thuần chủng/chiếm ưu thế: Chó Irish Setter.
Chó Irish Terrier.png,C:\Users\User\Downloads\Dog_Test\Chó Irish Terrier.png,Chó Irish Terrier,Irish Terrier,0.952344,True,Dự đoán thành công bằng classifier softmax (Top-3) + similarity (giải thích).,Ứng viên thuần chủng/chiếm ưu thế: Chó Irish Terrier.
Chó Irish Water Spaniel.png,C:\Users\User\Downloads\Dog_Test\Chó Irish Water Spaniel.png,Chó Irish Water Spaniel,Irish Water Spaniel,0.990407,True,Dự đoán thành công bằng classifier softmax (Top-3) + similarity (giải thích).,Ứng viên thuần chủng/chiếm ưu thế: Chó Irish Water Spaniel.
Chó Irish Wolfhound.png,C:\Users\User\Downloads\Dog_Test\Chó Irish Wolfhound.png,Nghi lai: Chó Irish Wolfhound x Chó Deerhound Scotland,Crossbreed: Irish Wolfhound x Scottish Deerhound,0.782026,True,Dự đoán thành công bằng classifier softmax (Top-3) + similarity (giải thích).,
Chó Keeshond.png,C:\Users\User\Downloads\Dog_Test\Chó Keeshond.png,Chó Keeshond,Keeshond,0.928566,True,Dự đoán thành công bằng classifier softmax (Top-3) + similarity (giải thích).,Ứng viên thuần chủng/chiếm ưu thế: Chó Keeshond.
Chó Kelpie.png,C:\Users\User\Downloads\Dog_Test\Chó Kelpie.png,Nghi lai: Chó Kelpie x Chó H'Mông cộc đuôi,Crossbreed: Kelpie x Hmong Bobtail Dog,0.832589,True,Dự đoán thành công bằng classifier softmax (Top-3) + similarity (giải thích).,
Chó Kerry Blue Terrier.png,C:\Users\User\Downloads\Dog_Test\Chó Kerry Blue Terrier.png,Chó Kerry Blue Terrier,Kerry Blue Terrier,0.911733,True,Dự đoán thành công bằng classifier softmax (Top-3) + similarity (giải thích).,Ứng viên thuần chủng/chiếm ưu thế: Chó Kerry Blue Terrier.
Chó Komondor.png,C:\Users\User\Downloads\Dog_Test\Chó Komondor.png,Chó Komondor,Komondor,0.951595,True,Dự đoán thành công bằng classifier softmax (Top-3) + similarity (giải thích).,Ứng viên thuần chủng/chiếm ưu thế: Chó Komondor.
Chó Kuvasz.png,C:\Users\User\Downloads\Dog_Test\Chó Kuvasz.png,Chó Kuvasz,Kuvasz,0.963553,True,Dự đoán thành công bằng classifier softmax (Top-3) + similarity (giải thích).,Ứng viên thuần chủng/chiếm ưu thế: Chó Kuvasz.
Chó Labrador.png,C:\Users\User\Downloads\Dog_Test\Chó Labrador.png,Chó Labrador,Labrador Retriever,0.974703,True,Dự đoán thành công bằng classifier softmax (Top-3) + similarity (giải thích).,Ứng viên thuần chủng/chiếm ưu thế: Chó Labrador.
Chó Lakeland Terrier.png,C:\Users\User\Downloads\Dog_Test\Chó Lakeland Terrier.png,Nghi lai: Chó Lakeland Terrier x Chó Airedale Terrier,Crossbreed: Lakeland Terrier x Airedale,0.829588,True,Dự đoán thành công bằng classifier softmax (Top-3) + similarity (giải thích).,
Chó Leonberger.png,C:\Users\User\Downloads\Dog_Test\Chó Leonberger.png,Chó Leonberger,Leonberg,0.951374,True,Dự đoán thành công bằng classifier softmax (Top-3) + similarity (giải thích).,Ứng viên thuần chủng/chiếm ưu thế: Chó Leonberger.
Chó Lhasa.png,C:\Users\User\Downloads\Dog_Test\Chó Lhasa.png,Nghi lai: Chó Lhasa x Chó Shih Tzu,Crossbreed: Lhasa x Shih Tzu,0.949826,True,Dự đoán thành công bằng classifier softmax (Top-3) + similarity (giải thích).,
Chó Maltese.png,C:\Users\User\Downloads\Dog_Test\Chó Maltese.png,Chó Maltese,Maltese Dog,0.907985,True,Dự đoán thành công bằng classifier softmax (Top-3) + similarity (giải thích).,Ứng viên thuần chủng/chiếm ưu thế: Chó Maltese.
Chó Mexican Hairless.png,C:\Users\User\Downloads\Dog_Test\Chó Mexican Hairless.png,Chó Mexican Hairless,Mexican Hairless,0.954514,True,Dự đoán thành công bằng classifier softmax (Top-3) + similarity (giải thích).,Ứng viên thuần chủng/chiếm ưu thế: Chó Mexican Hairless.
Chó mào Trung Quốc.jpg,C:\Users\User\Downloads\Dog_Test\Chó mào Trung Quốc.jpg,Chó mào Trung Quốc,Chinese Crested Dog,0.815448,True,Dự đoán thành công bằng classifier softmax (Top-3) + similarity (giải thích).,Ứng viên thuần chủng/chiếm ưu thế: Chó mào Trung Quốc.
Chó mào Trung Quốc.png,C:\Users\User\Downloads\Dog_Test\Chó mào Trung Quốc.png,Chó mào Trung Quốc,Chinese Crested Dog,0.861927,True,Dự đoán thành công bằng classifier softmax (Top-3) + similarity (giải thích).,Ứng viên thuần chủng/chiếm ưu thế: Chó mào Trung Quốc.
Chó Newfoundland.png,C:\Users\User\Downloads\Dog_Test\Chó Newfoundland.png,Chó Newfoundland,Newfoundland,0.986853,True,Dự đoán thành công bằng classifier softmax (Top-3) + similarity (giải thích).,Ứng viên thuần chủng/chiếm ưu thế: Chó Newfoundland.
Chó Norfolk Terrier.png,C:\Users\User\Downloads\Dog_Test\Chó Norfolk Terrier.png,Nghi lai: Chó Norfolk Terrier x Chó Norwich Terrier,Crossbreed: Norfolk Terrier x Norwich Terrier,0.703139,True,Dự đoán thành công bằng classifier softmax (Top-3) + similarity (giải thích).,
Chó Norwich Terrier.png,C:\Users\User\Downloads\Dog_Test\Chó Norwich Terrier.png,Chó Norwich Terrier,Norwich Terrier,0.936708,True,Dự đoán thành công bằng classifier softmax (Top-3) + similarity (giải thích).,Ứng viên thuần chủng/chiếm ưu thế: Chó Norwich Terrier.
Chó Otterhound.png,C:\Users\User\Downloads\Dog_Test\Chó Otterhound.png,Chó Otterhound,Otterhound,0.962104,True,Dự đoán thành công bằng classifier softmax (Top-3) + similarity (giải thích).,Ứng viên thuần chủng/chiếm ưu thế: Chó Otterhound.
Chó Papillon.jpg,C:\Users\User\Downloads\Dog_Test\Chó Papillon.jpg,Chó Papillon,Papillon,0.981811,True,Dự đoán thành công bằng classifier softmax (Top-3) + similarity (giải thích).,Ứng viên thuần chủng/chiếm ưu thế: Chó Papillon.
Chó Papillon.png,C:\Users\User\Downloads\Dog_Test\Chó Papillon.png,Chó Papillon,Papillon,0.948725,True,Dự đoán thành công bằng classifier softmax (Top-3) + similarity (giải thích).,Ứng viên thuần chủng/chiếm ưu thế: Chó Papillon.
Chó Poodle Mini.png,C:\Users\User\Downloads\Dog_Test\Chó Poodle Mini.png,Chó Poodle Mini,Miniature Poodle,0.658856,True,Dự đoán thành công bằng classifier softmax (Top-3) + similarity (giải thích).,
Chó Poodle Standard.png,C:\Users\User\Downloads\Dog_Test\Chó Poodle Standard.png,Chó Poodle Standard,Standard Poodle,0.760588,True,Dự đoán thành công bằng classifier softmax (Top-3) + similarity (giải thích).,Ứng viên thuần chủng/chiếm ưu thế: Chó Poodle Standard.
Chó Poodle Toy.png,C:\Users\User\Downloads\Dog_Test\Chó Poodle Toy.png,Chó Poodle Toy,Toy Poodle,0.860215,True,Dự đoán thành công bằng classifier softmax (Top-3) + similarity (giải thích).,Ứng viên thuần chủng/chiếm ưu thế: Chó Poodle Toy.
Chó Redbone Coonhound.png,C:\Users\User\Downloads\Dog_Test\Chó Redbone Coonhound.png,Chó Redbone Coonhound,Redbone,0.747389,True,Dự đoán thành công bằng classifier softmax (Top-3) + similarity (giải thích).,Ứng viên thuần chủng/chiếm ưu thế: Chó Redbone Coonhound.
Chó Ridgeback Rhodesia.png,C:\Users\User\Downloads\Dog_Test\Chó Ridgeback Rhodesia.png,Chó Ridgeback Rhodesia,Rhodesian Ridgeback,0.995526,True,Dự đoán thành công bằng classifier softmax (Top-3) + similarity (giải thích).,Ứng viên thuần chủng/chiếm ưu thế: Chó Ridgeback Rhodesia.
Chó Rottweiler.png,C:\Users\User\Downloads\Dog_Test\Chó Rottweiler.png,Chó Rottweiler,Rottweiler,0.987381,True,Dự đoán thành công bằng classifier softmax (Top-3) + similarity (giải thích).,Ứng viên thuần chủng/chiếm ưu thế: Chó Rottweiler.
Chó Saint Bernard.png,C:\Users\User\Downloads\Dog_Test\Chó Saint Bernard.png,Chó Saint Bernard,Saint Bernard,0.984486,True,Dự đoán thành công bằng classifier softmax (Top-3) + similarity (giải thích).,Ứng viên thuần chủng/chiếm ưu thế: Chó Saint Bernard.
Chó Saluki.png,C:\Users\User\Downloads\Dog_Test\Chó Saluki.png,Chó Saluki,Saluki,0.915094,True,Dự đoán thành công bằng classifier softmax (Top-3) + similarity (giải thích).,Ứng viên thuần chủng/chiếm ưu thế: Chó Saluki.
Chó Samoyed.png,C:\Users\User\Downloads\Dog_Test\Chó Samoyed.png,Chó Samoyed,Samoyed,0.935425,True,Dự đoán thành công bằng classifier softmax (Top-3) + similarity (giải thích).,Ứng viên thuần chủng/chiếm ưu thế: Chó Samoyed.
Chó Schipperke.png,C:\Users\User\Downloads\Dog_Test\Chó Schipperke.png,Chó Schipperke,Schipperke,0.786594,True,Dự đoán thành công bằng classifier softmax (Top-3) + similarity (giải thích).,Ứng viên thuần chủng/chiếm ưu thế: Chó Schipperke.
Chó Schnauzer Giant (2).png,C:\Users\User\Downloads\Dog_Test\Chó Schnauzer Giant (2).png,Chó Schnauzer Giant,Giant Schnauzer,0.967990,True,Dự đoán thành công bằng classifier softmax (Top-3) + similarity (giải thích).,Ứng viên thuần chủng/chiếm ưu thế: Chó Schnauzer Giant.
Chó Schnauzer Giant.png,C:\Users\User\Downloads\Dog_Test\Chó Schnauzer Giant.png,Chó Schnauzer Giant,Giant Schnauzer,0.949977,True,Dự đoán thành công bằng classifier softmax (Top-3) + similarity (giải thích).,Ứng viên thuần chủng/chiếm ưu thế: Chó Schnauzer Giant.
Chó Schnauzer Mini.png,C:\Users\User\Downloads\Dog_Test\Chó Schnauzer Mini.png,Chó Schnauzer Mini,Miniature Schnauzer,0.962089,True,Dự đoán thành công bằng classifier softmax (Top-3) + similarity (giải thích).,Ứng viên thuần chủng/chiếm ưu thế: Chó Schnauzer Mini.
Chó Schnauzer Standard.jpg,C:\Users\User\Downloads\Dog_Test\Chó Schnauzer Standard.jpg,Chó Schnauzer Standard,Standard Schnauzer,0.814502,True,Dự đoán thành công bằng classifier softmax (Top-3) + similarity (giải thích).,Ứng viên thuần chủng/chiếm ưu thế: Chó Schnauzer Standard.
Chó Scottie.png,C:\Users\User\Downloads\Dog_Test\Chó Scottie.png,Chó Scottie,Scotch Terrier,0.989652,True,Dự đoán thành công bằng classifier softmax (Top-3) + similarity (giải thích).,Ứng viên thuần chủng/chiếm ưu thế: Chó Scottie.
Chó Sealyham Terrier.png,C:\Users\User\Downloads\Dog_Test\Chó Sealyham Terrier.png,Chó Sealyham Terrier,Sealyham Terrier,0.821332,True,Dự đoán thành công bằng classifier softmax (Top-3) + similarity (giải thích).,Ứng viên thuần chủng/chiếm ưu thế: Chó Sealyham Terrier.
Chó Setter Anh.png,C:\Users\User\Downloads\Dog_Test\Chó Setter Anh.png,Chó Setter Anh,English Setter,0.941522,True,Dự đoán thành công bằng classifier softmax (Top-3) + similarity (giải thích).,Ứng viên thuần chủng/chiếm ưu thế: Chó Setter Anh.
Chó Sheltie.png,C:\Users\User\Downloads\Dog_Test\Chó Sheltie.png,Chó Sheltie,Shetland Sheepdog,0.893427,True,Dự đoán thành công bằng classifier softmax (Top-3) + similarity (giải thích).,Ứng viên thuần chủng/chiếm ưu thế: Chó Sheltie.
Chó Shiba.png,C:\Users\User\Downloads\Dog_Test\Chó Shiba.png,Chó Shiba,Shiba Dog,0.860504,True,Dự đoán thành công bằng classifier softmax (Top-3) + similarity (giải thích).,Ứng viên thuần chủng/chiếm ưu thế: Chó Shiba.
Chó Shih Tzu.png,C:\Users\User\Downloads\Dog_Test\Chó Shih Tzu.png,Chó Shih Tzu,Shih Tzu,0.906599,True,Dự đoán thành công bằng classifier softmax (Top-3) + similarity (giải thích).,Ứng viên thuần chủng/chiếm ưu thế: Chó Shih Tzu.
Chó Silky Terrier.png,C:\Users\User\Downloads\Dog_Test\Chó Silky Terrier.png,Chó Silky Terrier,Silky Terrier,0.845306,True,Dự đoán thành công bằng classifier softmax (Top-3) + similarity (giải thích).,Ứng viên thuần chủng/chiếm ưu thế: Chó Silky Terrier.
Chó Springer Anh.png,C:\Users\User\Downloads\Dog_Test\Chó Springer Anh.png,Chó Springer Anh,English Springer,0.988272,True,Dự đoán thành công bằng classifier softmax (Top-3) + similarity (giải thích).,Ứng viên thuần chủng/chiếm ưu thế: Chó Springer Anh.
Chó Staffordshire Bull Terrier.png,C:\Users\User\Downloads\Dog_Test\Chó Staffordshire Bull Terrier.png,Chó Staffordshire Bull Terrier,Staffordshire Bullterrier,0.861654,True,Dự đoán thành công bằng classifier softmax (Top-3) + similarity (giải thích).,Ứng viên thuần chủng/chiếm ưu thế: Chó Staffordshire Bull Terrier.
Chó Sussex Spaniel.png,C:\Users\User\Downloads\Dog_Test\Chó Sussex Spaniel.png,Chó Sussex Spaniel,Sussex Spaniel,0.969521,True,Dự đoán thành công bằng classifier softmax (Top-3) + similarity (giải thích).,Ứng viên thuần chủng/chiếm ưu thế: Chó Sussex Spaniel.
Chó ta Việt Nam.jpg,C:\Users\User\Downloads\Dog_Test\Chó ta Việt Nam.jpg,Nghi lai: Chó ta Việt Nam x Chó Dingo,Crossbreed: Vietnamese Native Dog x Dingo,0.914977,True,Dự đoán thành công bằng classifier softmax (Top-3) + similarity (giải thích).,
Chó Toy Terrier.jpg,C:\Users\User\Downloads\Dog_Test\Chó Toy Terrier.jpg,Nghi lai: Chó Toy Terrier x Phốc hươu,Crossbreed: Toy Terrier x Miniature Pinscher,0.791882,True,Dự đoán thành công bằng classifier softmax (Top-3) + similarity (giải thích).,
Chó Vizsla.png,C:\Users\User\Downloads\Dog_Test\Chó Vizsla.png,Chó Vizsla,Vizsla,0.991742,True,Dự đoán thành công bằng classifier softmax (Top-3) + similarity (giải thích).,Ứng viên thuần chủng/chiếm ưu thế: Chó Vizsla.
Chó Weimaraner.png,C:\Users\User\Downloads\Dog_Test\Chó Weimaraner.png,Chó Weimaraner,Weimaraner,0.991397,True,Dự đoán thành công bằng classifier softmax (Top-3) + similarity (giải thích).,Ứng viên thuần chủng/chiếm ưu thế: Chó Weimaraner.
Chó Westie.png,C:\Users\User\Downloads\Dog_Test\Chó Westie.png,Chó Westie,West Highland White Terrier,0.956177,True,Dự đoán thành công bằng classifier softmax (Top-3) + similarity (giải thích).,Ứng viên thuần chủng/chiếm ưu thế: Chó Westie.
Chó Wheaten Terrier.png,C:\Users\User\Downloads\Dog_Test\Chó Wheaten Terrier.png,Chó Wheaten Terrier,Soft Coated Wheaten Terrier,0.947097,True,Dự đoán thành công bằng classifier softmax (Top-3) + similarity (giải thích).,Ứng viên thuần chủng/chiếm ưu thế: Chó Wheaten Terrier.
Chó Whippet.png,C:\Users\User\Downloads\Dog_Test\Chó Whippet.png,Chó Whippet,Whippet,0.978985,True,Dự đoán thành công bằng classifier softmax (Top-3) + similarity (giải thích).,Ứng viên thuần chủng/chiếm ưu thế: Chó Whippet.
Chó Wire Fox Terrier.png,C:\Users\User\Downloads\Dog_Test\Chó Wire Fox Terrier.png,Chó Wire Fox Terrier,Wire Haired Fox Terrier,0.963491,True,Dự đoán thành công bằng classifier softmax (Top-3) + similarity (giải thích).,Ứng viên thuần chủng/chiếm ưu thế: Chó Wire Fox Terrier.
Chó Yorkshire Terrier (2).png,C:\Users\User\Downloads\Dog_Test\Chó Yorkshire Terrier (2).png,Chó Yorkshire Terrier,Yorkshire Terrier,0.919278,True,Dự đoán thành công bằng classifier softmax (Top-3) + similarity (giải thích).,Ứng viên thuần chủng/chiếm ưu thế: Chó Yorkshire Terrier.
Chó Yorkshire Terrier.png,C:\Users\User\Downloads\Dog_Test\Chó Yorkshire Terrier.png,Chó Yorkshire Terrier,Yorkshire Terrier,0.961153,True,Dự đoán thành công bằng classifier softmax (Top-3) + similarity (giải thích).,Ứng viên thuần chủng/chiếm ưu thế: Chó Yorkshire Terrier.
Foxhound Anh.jpg,C:\Users\User\Downloads\Dog_Test\Foxhound Anh.jpg,Chó Foxhound Anh,English Foxhound,0.990309,True,Dự đoán thành công bằng classifier softmax (Top-3) + similarity (giải thích).,Ứng viên thuần chủng/chiếm ưu thế: Chó Foxhound Anh.
Golden Retriever.jpg,C:\Users\User\Downloads\Dog_Test\Golden Retriever.jpg,Chó Golden,Golden Retriever,0.945676,True,Dự đoán thành công bằng classifier softmax (Top-3) + similarity (giải thích).,Ứng viên thuần chủng/chiếm ưu thế: Chó Golden.
Greyhound Ý.png,C:\Users\User\Downloads\Dog_Test\Greyhound Ý.png,Greyhound Ý,Italian Greyhound,0.838068,True,Dự đoán thành công bằng classifier softmax (Top-3) + similarity (giải thích).,Ứng viên thuần chủng/chiếm ưu thế: Greyhound Ý.
Irish Water Spaniel.png,C:\Users\User\Downloads\Dog_Test\Irish Water Spaniel.png,Chó Irish Water Spaniel,Irish Water Spaniel,0.939580,True,Dự đoán thành công bằng classifier softmax (Top-3) + similarity (giải thích).,Ứng viên thuần chủng/chiếm ưu thế: Chó Irish Water Spaniel.
Keeshond.jpg,C:\Users\User\Downloads\Dog_Test\Keeshond.jpg,Chó Keeshond,Keeshond,0.954778,True,Dự đoán thành công bằng classifier softmax (Top-3) + similarity (giải thích).,Ứng viên thuần chủng/chiếm ưu thế: Chó Keeshond.
Komondor.jpg,C:\Users\User\Downloads\Dog_Test\Komondor.jpg,Chó Komondor,Komondor,0.973418,True,Dự đoán thành công bằng classifier softmax (Top-3) + similarity (giải thích).,Ứng viên thuần chủng/chiếm ưu thế: Chó Komondor.
Kuvasz.jpg,C:\Users\User\Downloads\Dog_Test\Kuvasz.jpg,Chó Kuvasz,Kuvasz,0.771080,True,Dự đoán thành công bằng classifier softmax (Top-3) + similarity (giải thích).,Ứng viên thuần chủng/chiếm ưu thế: Chó Kuvasz.
Labrador Retriever.jpg,C:\Users\User\Downloads\Dog_Test\Labrador Retriever.jpg,Chó Labrador,Labrador Retriever,0.927388,True,Dự đoán thành công bằng classifier softmax (Top-3) + similarity (giải thích).,Ứng viên thuần chủng/chiếm ưu thế: Chó Labrador.
Leonberger.jpg,C:\Users\User\Downloads\Dog_Test\Leonberger.jpg,Chó Leonberger,Leonberg,0.924494,True,Dự đoán thành công bằng classifier softmax (Top-3) + similarity (giải thích).,Ứng viên thuần chủng/chiếm ưu thế: Chó Leonberger.
Ngao Tây Tạng.png,C:\Users\User\Downloads\Dog_Test\Ngao Tây Tạng.png,Ngao Tây Tạng,Tibetan Mastiff,0.990453,True,Dự đoán thành công bằng classifier softmax (Top-3) + similarity (giải thích).,Ứng viên thuần chủng/chiếm ưu thế: Ngao Tây Tạng.
Ngao Đức.png,C:\Users\User\Downloads\Dog_Test\Ngao Đức.png,Ngao Đức,Great Dane,0.988792,True,Dự đoán thành công bằng classifier softmax (Top-3) + similarity (giải thích).,Ứng viên thuần chủng/chiếm ưu thế: Ngao Đức.
Phốc hươu.png,C:\Users\User\Downloads\Dog_Test\Phốc hươu.png,Phốc hươu,Miniature Pinscher,0.976934,True,Dự đoán thành công bằng classifier softmax (Top-3) + similarity (giải thích).,Ứng viên thuần chủng/chiếm ưu thế: Phốc hươu.
Phốc sóc.jpg,C:\Users\User\Downloads\Dog_Test\Phốc sóc.jpg,Phốc sóc,Pomeranian,0.978781,True,Dự đoán thành công bằng classifier softmax (Top-3) + similarity (giải thích).,Ứng viên thuần chủng/chiếm ưu thế: Phốc sóc.
Pointer Đức.png,C:\Users\User\Downloads\Dog_Test\Pointer Đức.png,Pointer Đức,German Short Haired Pointer,0.943944,True,Dự đoán thành công bằng classifier softmax (Top-3) + similarity (giải thích).,Ứng viên thuần chủng/chiếm ưu thế: Pointer Đức.
Pug.png,C:\Users\User\Downloads\Dog_Test\Pug.png,Chó Pug,Pug,0.969243,True,Dự đoán thành công bằng classifier softmax (Top-3) + similarity (giải thích).,Ứng viên thuần chủng/chiếm ưu thế: Chó Pug.
Shepherd Úc.png,C:\Users\User\Downloads\Dog_Test\Shepherd Úc.png,Shepherd Úc,Australian Shepherd,0.999727,True,Dự đoán thành công bằng classifier softmax (Top-3) + similarity (giải thích).,Ứng viên thuần chủng/chiếm ưu thế: Shepherd Úc.
Shiba Inu.jpg,C:\Users\User\Downloads\Dog_Test\Shiba Inu.jpg,Chó Shiba,Shiba Dog,0.858324,True,Dự đoán thành công bằng classifier softmax (Top-3) + similarity (giải thích).,Ứng viên thuần chủng/chiếm ưu thế: Chó Shiba.
Spitz Nhật.jpg,C:\Users\User\Downloads\Dog_Test\Spitz Nhật.jpg,Spitz Nhật,Japanese Spitz,0.969428,True,Dự đoán thành công bằng classifier softmax (Top-3) + similarity (giải thích).,Ứng viên thuần chủng/chiếm ưu thế: Spitz Nhật.
Spitz Nhật.png,C:\Users\User\Downloads\Dog_Test\Spitz Nhật.png,Spitz Nhật,Japanese Spitz,0.827788,True,Dự đoán thành công bằng classifier softmax (Top-3) + similarity (giải thích).,Ứng viên thuần chủng/chiếm ưu thế: Spitz Nhật.
Springer xứ Wales.png,C:\Users\User\Downloads\Dog_Test\Springer xứ Wales.png,Springer xứ Wales,Welsh Springer Spaniel,0.923653,True,Dự đoán thành công bằng classifier softmax (Top-3) + similarity (giải thích).,Ứng viên thuần chủng/chiếm ưu thế: Springer xứ Wales.
Terrier Tây Tạng.png,C:\Users\User\Downloads\Dog_Test\Terrier Tây Tạng.png,Terrier Tây Tạng,Tibetan Terrier,0.976178,True,Dự đoán thành công bằng classifier softmax (Top-3) + similarity (giải thích).,Ứng viên thuần chủng/chiếm ưu thế: Terrier Tây Tạng.
Terrier Úc.png,C:\Users\User\Downloads\Dog_Test\Terrier Úc.png,Terrier Úc,Australian Terrier,0.972780,True,Dự đoán thành công bằng classifier softmax (Top-3) + similarity (giải thích).,Ứng viên thuần chủng/chiếm ưu thế: Terrier Úc.
Treeing Walker Coonhound.jpg,C:\Users\User\Downloads\Dog_Test\Treeing Walker Coonhound.jpg,Nghi lai: Chó Treeing Walker Coonhound x Chó Foxhound Anh,Crossbreed: Walker Hound x English Foxhound,0.768526,True,Dự đoán thành công bằng classifier softmax (Top-3) + similarity (giải thích).,
